orthogroup_id	species	HOM_both	HET_both	HOM_M	HOM_F
OG0001314	27	0.19	0.37	0.26	0.19
OG0002539	27	0.07	0.70	0.07	0.15
OG0002198	27	0.19	0.52	0.15	0.15
OG0001810	27	0.19	0.59	0.11	0.11
OG0003819	27	0.15	0.67	0.11	0.07
OG0001521	27	0.30	0.56	0.07	0.07
OG0001329	27	0.07	0.78	0.11	0.04
OG0003267	27	0.11	0.67	0.15	0.07
OG0002493	27	0.07	0.67	0.19	0.07
OG0001690	27	0.33	0.37	0.15	0.15
OG0001878	27	0.19	0.44	0.19	0.19
OG0001504	27	0.33	0.22	0.19	0.26
OG0003119	27	0.00	0.70	0.11	0.19
OG0003093	27	0.33	0.04	0.00	0.63
OG0001443	27	0.07	0.78	0.04	0.11
OG0004995	27	0.11	0.70	0.11	0.07
OG0002147	27	0.33	0.33	0.15	0.19
OG0001271	27	0.37	0.15	0.30	0.19
OG0004509	27	0.00	0.81	0.11	0.07
OG0003838	27	0.04	0.78	0.07	0.11
OG0002311	27	0.19	0.33	0.22	0.26
OG0002590	27	0.33	0.26	0.22	0.19
OG0004256	27	0.19	0.67	0.04	0.11
OG0003146	27	0.11	0.63	0.11	0.15
OG0001286	27	0.37	0.26	0.07	0.30
OG0001350	27	0.37	0.33	0.22	0.07
OG0002460	27	0.19	0.33	0.19	0.30
OG0001333	27	0.07	0.56	0.19	0.19
OG0004340	27	0.07	0.74	0.07	0.11
OG0001309	27	0.15	0.48	0.19	0.19
OG0002560	27	0.07	0.41	0.30	0.22
OG0001722	27	0.33	0.26	0.11	0.30
OG0001737	27	0.00	0.78	0.22	0.00
OG0001648	27	0.11	0.59	0.07	0.22
OG0001862	27	0.30	0.44	0.19	0.07
OG0001326	27	0.11	0.52	0.22	0.15
OG0001335	27	0.04	0.81	0.11	0.04
OG0001277	27	0.26	0.30	0.26	0.19
OG0001378	27	0.00	0.89	0.04	0.07
OG0001355	27	0.00	0.74	0.15	0.11
OG0002743	27	0.26	0.37	0.11	0.26
OG0001308	27	0.19	0.56	0.15	0.11
OG0001822	27	0.07	0.70	0.15	0.07
OG0001312	27	0.07	0.74	0.11	0.07
OG0003550	27	0.22	0.52	0.04	0.22
OG0004713	27	0.07	0.89	0.00	0.04
OG0001837	27	0.30	0.52	0.11	0.07
OG0002418	27	0.41	0.37	0.07	0.15
OG0003140	27	0.04	0.67	0.15	0.15
OG0001266	27	0.67	0.11	0.07	0.15
OG0001366	27	0.22	0.59	0.00	0.19
OG0001377	27	0.44	0.30	0.11	0.15
OG0001268	27	0.19	0.59	0.11	0.11
OG0002550	27	0.07	0.74	0.07	0.11
OG0002452	27	0.00	0.74	0.04	0.22
OG0001292	27	0.33	0.11	0.11	0.44
OG0003659	27	0.15	0.48	0.15	0.22
OG0001344	27	0.44	0.19	0.15	0.22
OG0002117	27	0.15	0.41	0.22	0.22
OG0001307	27	0.07	0.63	0.15	0.15
OG0001318	27	0.19	0.33	0.33	0.15
OG0002537	27	0.04	0.81	0.04	0.11
OG0002441	27	0.07	0.63	0.22	0.07
OG0003044	27	0.33	0.33	0.22	0.11
OG0001501	27	0.11	0.52	0.15	0.22
OG0002483	27	0.04	0.70	0.11	0.15
OG0001922	27	0.07	0.85	0.04	0.04
OG0001713	27	0.15	0.70	0.04	0.11
OG0002723	27	0.22	0.48	0.11	0.19
OG0002983	27	0.07	0.48	0.19	0.26
OG0001511	27	0.00	0.70	0.07	0.22
OG0001439	27	0.04	0.85	0.07	0.04
OG0001806	27	0.26	0.33	0.15	0.26
OG0003109	25	0.12	0.64	0.16	0.08
OG0001381	27	0.07	0.52	0.15	0.26
OG0002576	27	0.04	0.85	0.00	0.11
OG0001338	27	0.11	0.56	0.11	0.22
OG0003516	27	0.15	0.63	0.11	0.11
OG0001272	27	0.52	0.00	0.00	0.48
OG0001434	27	0.07	0.63	0.19	0.11
OG0005188	27	0.04	0.70	0.15	0.11
OG0003529	27	0.04	0.74	0.07	0.15
OG0001290	27	0.41	0.26	0.19	0.15
OG0001322	27	0.11	0.70	0.04	0.15
OG0003163	27	0.15	0.67	0.07	0.11
OG0001514	27	0.04	0.85	0.07	0.04
OG0003469	27	0.04	0.93	0.00	0.04
OG0002034	27	0.07	0.56	0.19	0.19
OG0003155	27	0.07	0.70	0.11	0.11
OG0001714	27	0.00	0.74	0.19	0.07
OG0001495	27	0.11	0.59	0.26	0.04
OG0003507	27	0.04	0.85	0.04	0.07
OG0001432	27	0.33	0.26	0.15	0.26
OG0001882	27	0.15	0.44	0.22	0.19
OG0004660	27	0.15	0.63	0.15	0.07
OG0001431	27	0.19	0.44	0.11	0.26
OG0002404	27	0.04	0.67	0.15	0.15
OG0002964	27	0.07	0.70	0.11	0.11
OG0001156	27	0.07	0.78	0.07	0.07
OG0003953	25	0.08	0.64	0.16	0.12
OG0003443	27	0.04	0.89	0.04	0.04
OG0002449	27	0.07	0.59	0.11	0.22
OG0001932	27	0.07	0.70	0.11	0.11
OG0003941	27	0.00	0.89	0.07	0.04
OG0002080	27	0.04	0.67	0.22	0.07
OG0001617	27	0.30	0.33	0.22	0.15
OG0001895	27	0.30	0.48	0.19	0.04
OG0002502	27	0.04	0.81	0.11	0.04
OG0001596	27	0.19	0.00	0.00	0.81
OG0001446	27	0.07	0.48	0.19	0.26
OG0001364	27	0.11	0.59	0.15	0.15
OG0001265	27	0.04	0.70	0.15	0.11
OG0003992	27	0.11	0.63	0.11	0.15
OG0002476	27	0.15	0.30	0.26	0.30
OG0002029	27	0.04	0.48	0.41	0.07
OG0002371	27	0.11	0.74	0.07	0.07
OG0001296	27	0.04	0.70	0.07	0.19
OG0001302	27	0.33	0.30	0.19	0.19
OG0001294	27	0.07	0.70	0.11	0.11
OG0001327	27	0.22	0.41	0.22	0.15
OG0001323	27	0.04	0.74	0.15	0.07
OG0001289	27	0.19	0.59	0.07	0.15
OG0003117	27	0.07	0.67	0.11	0.15
OG0004231	27	0.00	0.81	0.07	0.11
OG0001947	27	0.22	0.37	0.22	0.19
OG0002523	27	0.04	0.70	0.11	0.15
OG0001310	27	0.00	0.70	0.19	0.11
OG0001374	27	0.07	0.56	0.19	0.19
OG0003241	27	0.00	0.70	0.19	0.11
OG0001353	27	0.11	0.67	0.07	0.15
OG0003956	27	0.11	0.56	0.15	0.19
OG0001304	27	0.22	0.37	0.19	0.22
OG0002565	27	0.00	0.96	0.04	0.00
OG0004299	24	0.33	0.04	0.00	0.62
OG0001510	27	0.22	0.22	0.33	0.22
OG0002519	27	0.15	0.48	0.19	0.19
OG0002569	27	0.04	0.81	0.11	0.04
OG0003370	26	0.23	0.62	0.12	0.04
OG0001343	27	0.07	0.74	0.19	0.00
OG0003196	27	0.07	0.59	0.15	0.19
OG0003879	27	0.15	0.63	0.15	0.07
OG0001570	27	0.19	0.26	0.26	0.30
OG0001336	27	0.07	0.63	0.15	0.15
OG0002377	27	0.11	0.44	0.22	0.22
OG0002665	27	0.00	0.93	0.07	0.00
OG0003390	27	0.07	0.85	0.07	0.00
OG0002911	27	0.00	0.89	0.00	0.11
OG0003741	27	0.00	0.85	0.07	0.07
OG0001749	27	0.26	0.41	0.15	0.19
OG0002444	27	0.07	0.78	0.11	0.04
OG0001530	27	0.26	0.41	0.11	0.22
OG0002406	27	0.04	0.78	0.15	0.04
OG0001820	27	0.22	0.41	0.26	0.11
OG0002128	27	0.11	0.63	0.19	0.07
OG0004777	27	0.07	0.78	0.11	0.04
OG0001395	27	0.11	0.74	0.07	0.07
OG0003222	27	0.04	0.81	0.07	0.07
OG0003899	27	0.00	0.74	0.22	0.04
OG0001455	27	0.15	0.59	0.19	0.07
OG0001347	27	0.04	0.63	0.07	0.26
OG0002181	27	0.44	0.30	0.04	0.22
OG0001847	27	0.04	0.63	0.15	0.19
OG0001320	27	0.22	0.59	0.11	0.07
OG0001868	27	0.19	0.37	0.33	0.11
OG0001282	27	0.30	0.41	0.19	0.11
OG0001984	27	0.07	0.70	0.04	0.19
OG0004121	26	0.12	0.65	0.15	0.08
OG0002718	27	0.04	0.78	0.11	0.07
OG0004106	27	0.04	0.81	0.15	0.00
OG0002644	27	0.00	0.70	0.19	0.11
OG0001658	27	0.15	0.67	0.07	0.11
OG0001469	27	0.15	0.48	0.22	0.15
OG0001655	27	0.04	0.74	0.11	0.11
OG0002684	27	0.00	0.78	0.15	0.07
OG0001758	27	0.04	0.70	0.15	0.11
OG0001791	27	0.00	0.74	0.07	0.19
OG0004830	27	0.00	0.85	0.11	0.04
OG0002717	27	0.19	0.56	0.11	0.15
OG0003559	27	0.00	0.81	0.11	0.07
OG0002727	26	0.08	0.81	0.08	0.04
OG0001709	27	0.04	0.67	0.19	0.11
OG0002961	27	0.15	0.04	0.00	0.81
OG0001896	27	0.15	0.59	0.19	0.07
OG0001597	27	0.00	0.85	0.11	0.04
OG0001379	27	0.11	0.48	0.26	0.15
OG0001273	27	0.15	0.56	0.26	0.04
OG0001620	27	0.07	0.85	0.07	0.00
OG0003180	27	0.00	0.96	0.00	0.04
OG0002109	27	0.00	0.81	0.07	0.11
OG0001670	27	0.04	0.78	0.15	0.04
OG0002252	27	0.04	0.89	0.07	0.00
OG0002048	27	0.07	0.70	0.19	0.04
OG0003813	27	0.07	0.74	0.15	0.04
OG0003460	27	0.07	0.74	0.11	0.07
OG0001677	27	0.07	0.56	0.11	0.26
OG0001388	27	0.07	0.67	0.07	0.19
OG0002171	27	0.04	0.78	0.15	0.04
OG0002832	27	0.07	0.67	0.07	0.19
OG0001606	27	0.11	0.67	0.07	0.15
OG0001972	27	0.07	0.67	0.11	0.15
OG0003870	27	0.11	0.48	0.11	0.30
OG0002188	27	0.00	0.78	0.15	0.07
OG0001332	27	0.04	0.67	0.19	0.11
OG0001904	27	0.15	0.70	0.11	0.04
OG0001662	27	0.04	0.74	0.04	0.19
OG0003490	27	0.00	0.81	0.19	0.00
OG0001844	27	0.07	0.81	0.04	0.07
OG0001700	27	0.15	0.56	0.15	0.15
OG0003247	27	0.04	0.78	0.00	0.19
OG0002191	27	0.11	0.63	0.07	0.19
OG0002294	27	0.04	0.63	0.15	0.19
OG0001368	27	0.00	0.70	0.15	0.15
OG0001293	27	0.26	0.37	0.11	0.26
OG0003461	27	0.00	0.93	0.00	0.07
OG0001498	27	0.04	0.74	0.07	0.15
OG0002681	27	0.04	0.85	0.07	0.04
OG0001630	27	0.15	0.67	0.04	0.15
OG0002666	27	0.07	0.63	0.15	0.15
OG0003726	27	0.07	0.63	0.22	0.07
OG0004218	27	0.00	0.89	0.04	0.07
OG0002506	27	0.04	0.78	0.11	0.07
OG0002764	27	0.04	0.74	0.11	0.11
OG0002266	27	0.00	0.93	0.04	0.04
OG0003439	27	0.00	0.85	0.11	0.04
OG0001399	27	0.00	0.89	0.04	0.07
OG0001830	27	0.19	0.41	0.26	0.15
OG0004252	27	0.07	0.78	0.11	0.04
OG0003486	27	0.04	0.78	0.11	0.07
OG0002589	27	0.07	0.59	0.11	0.22
OG0003506	27	0.00	0.81	0.04	0.15
OG0001583	27	0.04	0.63	0.15	0.19
OG0004354	27	0.04	0.81	0.15	0.00
OG0001376	27	0.04	0.85	0.04	0.07
OG0003261	27	0.00	0.96	0.00	0.04
OG0002889	27	0.00	0.89	0.04	0.07
OG0001859	27	0.19	0.52	0.15	0.15
OG0001392	27	0.04	0.70	0.19	0.07
OG0001340	27	0.00	0.93	0.04	0.04
OG0002556	26	0.12	0.73	0.08	0.08
OG0001300	27	0.04	0.63	0.07	0.26
OG0002196	27	0.00	0.93	0.07	0.00
OG0002169	27	0.11	0.81	0.00	0.07
OG0004047	27	0.04	0.85	0.11	0.00
OG0003133	27	0.00	0.85	0.04	0.11
OG0004042	27	0.00	0.89	0.04	0.07
OG0002635	27	0.00	0.78	0.15	0.07
OG0004192	27	0.04	0.74	0.07	0.15
OG0004736	27	0.04	0.93	0.00	0.04
OG0003375	27	0.00	0.96	0.00	0.04
OG0001831	27	0.00	0.78	0.11	0.11
OG0004076	27	0.00	0.96	0.04	0.00
OG0003697	26	0.00	0.92	0.00	0.08
OG0004487	27	0.07	0.81	0.07	0.04
OG0001433	27	0.00	0.96	0.04	0.00
OG0001380	27	0.11	0.00	0.00	0.89
OG0001400	27	0.04	0.78	0.07	0.11
OG0002439	27	0.04	0.81	0.07	0.07
OG0003968	25	0.12	0.80	0.00	0.08
OG0004108	27	0.11	0.74	0.04	0.11
OG0001538	27	0.30	0.22	0.22	0.26
OG0001743	27	0.11	0.59	0.19	0.11
OG0002891	27	0.04	0.78	0.07	0.11
OG0001507	27	0.00	0.81	0.04	0.15
OG0001418	27	0.04	0.74	0.11	0.11
OG0001415	27	0.11	0.70	0.11	0.07
OG0003112	27	0.07	0.67	0.11	0.15
OG0002661	27	0.04	0.78	0.07	0.11
OG0001841	27	0.26	0.59	0.04	0.11
OG0001348	27	0.00	0.70	0.26	0.04
OG0003822	27	0.00	0.74	0.19	0.07
OG0001345	27	0.04	0.78	0.07	0.11
OG0002615	27	0.07	0.89	0.04	0.00
OG0002966	27	0.00	0.74	0.26	0.00
OG0001961	27	0.04	0.70	0.04	0.22
OG0001567	27	0.11	0.59	0.15	0.15
OG0004703	27	0.00	0.81	0.07	0.11
OG0001369	27	0.04	0.85	0.04	0.07
OG0002557	27	0.00	0.85	0.11	0.04
OG0002691	27	0.07	0.48	0.26	0.19
OG0002304	27	0.11	0.78	0.07	0.04
OG0003698	27	0.07	0.78	0.07	0.07
OG0001512	27	0.04	0.78	0.07	0.11
OG0002199	27	0.04	0.81	0.11	0.04
OG0003123	27	0.00	0.70	0.19	0.11
OG0004057	27	0.04	0.81	0.00	0.15
OG0003214	27	0.00	0.85	0.04	0.11
OG0004431	27	0.15	0.00	0.00	0.85
OG0001585	27	0.07	0.56	0.19	0.19
OG0003298	27	0.00	0.89	0.07	0.04
OG0003916	27	0.00	0.89	0.07	0.04
OG0002299	27	0.19	0.48	0.15	0.19
OG0003706	27	0.04	0.89	0.04	0.04
OG0001717	27	0.11	0.67	0.07	0.15
OG0004417	27	0.00	0.93	0.04	0.04
OG0005004	26	0.00	0.88	0.04	0.08
OG0002360	27	0.07	0.63	0.15	0.15
OG0001914	27	0.07	0.74	0.07	0.11
OG0003085	24	0.00	0.71	0.21	0.08
OG0001776	27	0.22	0.44	0.11	0.22
OG0002046	27	0.04	0.93	0.04	0.00
OG0003646	27	0.07	0.89	0.00	0.04
OG0002424	27	0.07	0.56	0.22	0.15
OG0001656	27	0.04	0.70	0.19	0.07
OG0001382	27	0.11	0.74	0.04	0.11
OG0003416	27	0.26	0.48	0.04	0.22
OG0003820	22	0.09	0.64	0.23	0.05
OG0002205	27	0.00	0.89	0.07	0.04
OG0003361	27	0.07	0.74	0.11	0.07
OG0002056	27	0.07	0.67	0.22	0.04
OG0004162	27	0.00	0.85	0.15	0.00
OG0004440	27	0.07	0.78	0.15	0.00
OG0004923	27	0.00	0.93	0.07	0.00
OG0002517	27	0.07	0.70	0.19	0.04
OG0002782	27	0.00	0.89	0.07	0.04
OG0001884	27	0.04	0.81	0.11	0.04
OG0001942	27	0.00	0.81	0.11	0.07
OG0002870	27	0.00	0.89	0.04	0.07
OG0001396	27	0.07	0.59	0.07	0.26
OG0003293	27	0.00	0.85	0.04	0.11
OG0002455	27	0.22	0.48	0.15	0.15
OG0002081	27	0.11	0.67	0.19	0.04
OG0001618	27	0.19	0.37	0.15	0.30
OG0002770	27	0.04	0.56	0.19	0.22
OG0001550	27	0.00	0.74	0.19	0.07
OG0004425	27	0.00	0.93	0.04	0.04
OG0003667	27	0.04	0.89	0.04	0.04
OG0003527	26	0.04	0.81	0.08	0.08
OG0004855	27	0.00	0.93	0.00	0.07
OG0001754	27	0.30	0.48	0.07	0.15
OG0003974	27	0.04	0.81	0.07	0.07
OG0001696	27	0.11	0.63	0.07	0.19
OG0003143	27	0.00	0.89	0.07	0.04
OG0003883	27	0.04	0.85	0.04	0.07
OG0003185	27	0.07	0.81	0.11	0.00
OG0003208	27	0.07	0.67	0.15	0.11
OG0001406	27	0.00	0.89	0.04	0.07
OG0004102	27	0.04	0.81	0.11	0.04
OG0004125	27	0.04	0.85	0.07	0.04
OG0003892	27	0.00	0.78	0.15	0.07
OG0001493	27	0.00	0.89	0.04	0.07
OG0003291	27	0.00	0.89	0.00	0.11
OG0003618	27	0.04	0.70	0.19	0.07
OG0002190	27	0.00	0.89	0.04	0.07
OG0003170	27	0.00	0.81	0.11	0.07
OG0004796	27	0.00	0.93	0.04	0.04
OG0003725	27	0.00	0.85	0.04	0.11
OG0004679	27	0.00	0.93	0.04	0.04
OG0002494	27	0.07	0.70	0.11	0.11
OG0004335	26	0.15	0.69	0.08	0.08
OG0002914	27	0.19	0.37	0.26	0.19
OG0003714	27	0.07	0.78	0.07	0.07
OG0001358	27	0.00	0.81	0.11	0.07
OG0002035	27	0.26	0.48	0.19	0.07
OG0004432	27	0.00	0.89	0.11	0.00
OG0002166	27	0.00	0.89	0.07	0.04
OG0004311	27	0.00	0.89	0.07	0.04
OG0005090	27	0.00	1.00	0.00	0.00
OG0001900	27	0.07	0.70	0.07	0.15
OG0002475	27	0.04	0.56	0.19	0.22
OG0003955	27	0.04	0.70	0.07	0.19
OG0002470	27	0.07	0.70	0.15	0.07
OG0002419	27	0.00	0.67	0.22	0.11
OG0003530	27	0.04	0.78	0.11	0.07
OG0002545	27	0.00	0.93	0.07	0.00
OG0004643	27	0.07	0.70	0.11	0.11
OG0004338	27	0.00	0.93	0.04	0.04
OG0001359	27	0.11	0.56	0.19	0.15
OG0001621	27	0.11	0.81	0.04	0.04
OG0003200	27	0.04	0.70	0.19	0.07
OG0001420	27	0.33	0.26	0.19	0.22
OG0002952	27	0.04	0.89	0.04	0.04
OG0001579	27	0.37	0.44	0.04	0.15
OG0001460	27	0.41	0.26	0.15	0.19
OG0001562	27	0.07	0.70	0.04	0.19
OG0004087	27	0.00	0.93	0.04	0.04
OG0004722	27	0.04	0.78	0.07	0.11
OG0001319	27	0.37	0.04	0.04	0.56
OG0001938	27	0.11	0.78	0.04	0.07
OG0002301	27	0.04	0.78	0.15	0.04
OG0001313	27	0.37	0.37	0.11	0.15
OG0004313	27	0.00	0.89	0.11	0.00
OG0004276	27	0.00	0.85	0.04	0.11
OG0001956	27	0.07	0.67	0.15	0.11
OG0003523	27	0.04	0.93	0.04	0.00
OG0003996	27	0.11	0.70	0.15	0.04
OG0004346	27	0.04	0.96	0.00	0.00
OG0001402	27	0.07	0.63	0.19	0.11
OG0003551	27	0.04	0.85	0.07	0.04
OG0004088	27	0.00	1.00	0.00	0.00
OG0004183	27	0.00	0.96	0.04	0.00
OG0004435	27	0.00	0.96	0.04	0.00
OG0003205	27	0.07	0.67	0.07	0.19
OG0003610	27	0.04	0.85	0.07	0.04
OG0004472	27	0.00	0.89	0.04	0.07
OG0002925	27	0.00	0.89	0.00	0.11
OG0001488	27	0.00	0.78	0.15	0.07
OG0004103	27	0.04	0.74	0.11	0.11
OG0001908	27	0.00	0.96	0.00	0.04
OG0001465	27	0.15	0.56	0.15	0.15
OG0004058	27	0.00	0.85	0.11	0.04
OG0002233	27	0.07	0.89	0.00	0.04
OG0003136	27	0.04	0.81	0.04	0.11
OG0003934	27	0.00	0.67	0.15	0.19
OG0004319	27	0.04	0.89	0.04	0.04
OG0004046	27	0.00	0.96	0.00	0.04
OG0002913	27	0.00	0.85	0.04	0.11
OG0004073	27	0.04	0.93	0.04	0.00
OG0004537	27	0.30	0.52	0.11	0.07
OG0002547	27	0.00	0.81	0.07	0.11
OG0002929	27	0.22	0.48	0.19	0.11
OG0002200	27	0.00	0.89	0.00	0.11
OG0004141	27	0.04	0.89	0.04	0.04
OG0002988	27	0.07	0.81	0.07	0.04
OG0003882	27	0.04	0.89	0.07	0.00
OG0002824	26	0.00	0.92	0.04	0.04
OG0004248	27	0.00	1.00	0.00	0.00
OG0003874	27	0.04	0.81	0.07	0.07
OG0003299	27	0.11	0.81	0.04	0.04
OG0002504	27	0.04	0.89	0.00	0.07
OG0003472	27	0.04	0.85	0.11	0.00
OG0003270	27	0.00	0.89	0.11	0.00
OG0001315	27	0.22	0.44	0.22	0.11
OG0003765	27	0.04	0.70	0.11	0.15
OG0002073	27	0.11	0.59	0.11	0.19
OG0003179	27	0.07	0.59	0.19	0.15
OG0004063	27	0.00	0.96	0.00	0.04
OG0001619	27	0.00	0.89	0.04	0.07
OG0001775	27	0.00	0.85	0.07	0.07
OG0001405	27	0.07	0.85	0.04	0.04
OG0001479	27	0.04	0.78	0.11	0.07
OG0001494	27	0.22	0.52	0.15	0.11
OG0001497	27	0.26	0.30	0.15	0.30
OG0002776	27	0.00	0.70	0.22	0.07
OG0001640	27	0.22	0.41	0.19	0.19
OG0001689	27	0.04	0.59	0.19	0.19
OG0002001	27	0.00	0.81	0.07	0.11
OG0004327	27	0.04	0.93	0.04	0.00
OG0004274	27	0.00	0.93	0.04	0.04
OG0005080	27	0.00	0.93	0.04	0.04
OG0002660	27	0.04	0.48	0.22	0.26
OG0002748	27	0.04	0.81	0.11	0.04
OG0001636	27	0.04	0.63	0.22	0.11
OG0003582	27	0.04	0.89	0.07	0.00
OG0001529	27	0.11	0.70	0.11	0.07
OG0002157	27	0.04	0.85	0.11	0.00
OG0003980	27	0.00	1.00	0.00	0.00
OG0001238	27	0.19	0.52	0.11	0.19
OG0003187	27	0.04	0.81	0.00	0.15
OG0001990	27	0.04	0.93	0.04	0.00
OG0002739	27	0.11	0.70	0.07	0.11
OG0002344	27	0.00	0.93	0.07	0.00
OG0004090	27	0.15	0.67	0.11	0.07
OG0002785	27	0.19	0.07	0.00	0.74
OG0004527	27	0.00	0.81	0.04	0.15
OG0001456	27	0.00	0.81	0.15	0.04
OG0003759	27	0.11	0.04	0.00	0.85
OG0003583	27	0.00	0.85	0.07	0.07
OG0001959	27	0.00	0.81	0.15	0.04
OG0004460	27	0.04	0.78	0.19	0.00
OG0001733	27	0.04	0.59	0.11	0.26
OG0004419	27	0.00	0.93	0.00	0.07
OG0003487	27	0.00	0.93	0.04	0.04
OG0002162	27	0.00	0.78	0.15	0.07
OG0003702	27	0.19	0.48	0.15	0.19
OG0001555	27	0.15	0.67	0.15	0.04
OG0005040	27	0.04	0.96	0.00	0.00
OG0004757	27	0.07	0.78	0.00	0.15
OG0002758	27	0.11	0.74	0.15	0.00
OG0001387	27	0.04	0.74	0.07	0.15
OG0001704	27	0.07	0.93	0.00	0.00
OG0001660	27	0.11	0.78	0.07	0.04
OG0001998	27	0.04	0.81	0.04	0.11
OG0003608	27	0.07	0.85	0.04	0.04
OG0004004	27	0.00	0.85	0.04	0.11
OG0002763	27	0.07	0.85	0.07	0.00
OG0001814	27	0.11	0.74	0.07	0.07
OG0002126	27	0.04	0.85	0.04	0.07
OG0002076	27	0.04	0.78	0.11	0.07
OG0002239	27	0.33	0.41	0.07	0.19
OG0004762	27	0.00	1.00	0.00	0.00
OG0004113	27	0.11	0.85	0.00	0.04
OG0001663	27	0.00	0.85	0.04	0.11
OG0003272	27	0.04	0.93	0.04	0.00
OG0004228	27	0.07	0.81	0.04	0.07
OG0004233	27	0.00	0.89	0.07	0.04
OG0004159	27	0.04	0.93	0.04	0.00
OG0001608	27	0.07	0.04	0.00	0.89
OG0002711	27	0.00	0.93	0.07	0.00
OG0005042	27	0.00	0.93	0.00	0.07
OG0003985	27	0.00	0.89	0.07	0.04
OG0001484	27	0.15	0.44	0.15	0.26
OG0003349	27	0.00	0.96	0.00	0.04
OG0003809	26	0.12	0.62	0.19	0.08
OG0003256	27	0.00	0.93	0.04	0.04
OG0001556	27	0.37	0.00	0.04	0.59
OG0003306	27	0.00	0.96	0.00	0.04
OG0003315	27	0.19	0.37	0.30	0.15
OG0001491	27	0.19	0.56	0.11	0.15
OG0001625	27	0.07	0.93	0.00	0.00
OG0002796	27	0.00	0.89	0.04	0.07
OG0002090	27	0.00	0.85	0.07	0.07
OG0003171	27	0.04	0.70	0.19	0.07
OG0001747	27	0.07	0.70	0.11	0.11
OG0001646	27	0.22	0.04	0.00	0.74
OG0005110	27	0.00	0.85	0.11	0.04
OG0003105	27	0.07	0.85	0.00	0.07
OG0003289	27	0.00	0.89	0.11	0.00
OG0003419	27	0.04	0.81	0.04	0.11
OG0001361	27	0.00	0.81	0.07	0.11
OG0004473	27	0.00	0.96	0.04	0.00
OG0003868	27	0.07	0.59	0.15	0.19
OG0003534	27	0.04	0.78	0.15	0.04
OG0002600	27	0.07	0.74	0.07	0.11
OG0004545	27	0.04	0.74	0.04	0.19
OG0002244	27	0.07	0.74	0.15	0.04
OG0003674	27	0.00	0.96	0.04	0.00
OG0004215	27	0.00	0.89	0.00	0.11
OG0004104	27	0.04	0.85	0.07	0.04
OG0004785	26	0.08	0.73	0.12	0.08
OG0003402	27	0.15	0.26	0.00	0.59
OG0001889	27	0.04	0.67	0.11	0.19
OG0001569	27	0.04	0.74	0.11	0.11
OG0001659	27	0.00	0.85	0.04	0.11
OG0001485	27	0.00	0.93	0.07	0.00
OG0002313	27	0.00	0.93	0.04	0.04
OG0001979	27	0.04	0.74	0.07	0.15
OG0001295	27	0.04	0.63	0.19	0.15
OG0002552	27	0.00	0.93	0.07	0.00
OG0005145	27	0.04	0.85	0.07	0.04
OG0003227	27	0.07	0.85	0.04	0.04
OG0004080	27	0.00	0.85	0.11	0.04
OG0001386	27	0.11	0.56	0.19	0.15
OG0004743	27	0.00	0.81	0.11	0.07
OG0001639	27	0.07	0.74	0.04	0.15
OG0003602	27	0.00	0.67	0.15	0.19
OG0003538	27	0.11	0.67	0.15	0.07
OG0002856	27	0.00	0.93	0.04	0.04
OG0001449	27	0.00	0.89	0.07	0.04
OG0002281	27	0.11	0.70	0.11	0.07
OG0005059	27	0.04	0.74	0.07	0.15
OG0001370	27	0.11	0.59	0.15	0.15
OG0004573	27	0.07	0.81	0.04	0.07
OG0002601	27	0.00	0.85	0.07	0.07
OG0003006	27	0.00	0.78	0.15	0.07
OG0001421	27	0.04	0.81	0.07	0.07
OG0002813	27	0.00	0.93	0.00	0.07
OG0003604	27	0.07	0.74	0.15	0.04
OG0003869	27	0.11	0.56	0.22	0.11
OG0002969	27	0.00	0.96	0.04	0.00
OG0003437	27	0.00	0.81	0.11	0.07
OG0005024	27	0.00	1.00	0.00	0.00
OG0005070	27	0.00	1.00	0.00	0.00
OG0003333	27	0.00	0.78	0.11	0.11
OG0003376	27	0.00	0.63	0.15	0.22
OG0004190	27	0.22	0.44	0.26	0.07
OG0004286	27	0.04	0.78	0.11	0.07
OG0002380	27	0.26	0.26	0.26	0.22
OG0001748	27	0.00	0.93	0.04	0.04
OG0003001	27	0.00	0.93	0.04	0.04
OG0003276	27	0.04	0.67	0.15	0.15
OG0005036	27	0.07	0.93	0.00	0.00
OG0002892	27	0.07	0.67	0.19	0.07
OG0001451	27	0.04	0.85	0.11	0.00
OG0004331	27	0.00	0.96	0.04	0.00
OG0001472	27	0.19	0.52	0.15	0.15
OG0002637	27	0.04	0.93	0.04	0.00
OG0004791	27	0.00	0.81	0.11	0.07
OG0002499	27	0.04	0.85	0.11	0.00
OG0003011	27	0.11	0.85	0.04	0.00
OG0005087	27	0.00	0.89	0.00	0.11
OG0002508	27	0.15	0.81	0.00	0.04
OG0002292	27	0.11	0.74	0.07	0.07
OG0002873	27	0.00	0.89	0.04	0.07
OG0004341	27	0.00	0.96	0.00	0.04
OG0004264	27	0.15	0.78	0.04	0.04
OG0002372	27	0.19	0.48	0.19	0.15
OG0001848	27	0.15	0.41	0.19	0.26
OG0002290	27	0.15	0.04	0.00	0.81
OG0004365	27	0.04	0.85	0.11	0.00
OG0003371	27	0.11	0.63	0.07	0.19
OG0001509	27	0.19	0.56	0.11	0.15
OG0003337	27	0.22	0.44	0.19	0.15
OG0001365	27	0.00	0.89	0.07	0.04
OG0001301	27	0.00	0.81	0.07	0.11
OG0001299	27	0.11	0.56	0.19	0.15
OG0003932	27	0.04	0.85	0.04	0.07
OG0002643	27	0.00	0.85	0.04	0.11
OG0004095	27	0.00	0.74	0.11	0.15
OG0004926	27	0.11	0.74	0.15	0.00
OG0002139	27	0.26	0.33	0.19	0.22
OG0004150	27	0.00	0.93	0.00	0.07
OG0004050	27	0.04	0.78	0.15	0.04
OG0004498	27	0.00	0.96	0.00	0.04
OG0004324	27	0.00	0.89	0.07	0.04
OG0001423	27	0.07	0.81	0.07	0.04
OG0002278	27	0.00	0.96	0.00	0.04
OG0003351	27	0.00	0.93	0.04	0.04
OG0001328	27	0.22	0.67	0.07	0.04
OG0001613	27	0.00	0.85	0.11	0.04
OG0001214	27	0.07	0.59	0.11	0.22
OG0001960	27	0.04	0.85	0.04	0.07
OG0002868	27	0.04	0.89	0.04	0.04
OG0004528	27	0.00	0.85	0.07	0.07
OG0002241	27	0.00	0.89	0.04	0.07
OG0003564	27	0.00	1.00	0.00	0.00
OG0003158	27	0.00	0.70	0.11	0.19
OG0003478	27	0.00	0.63	0.15	0.22
OG0001582	27	0.00	0.96	0.04	0.00
OG0004182	27	0.00	0.96	0.04	0.00
OG0002780	27	0.00	0.81	0.15	0.04
OG0001560	27	0.04	0.63	0.22	0.11
OG0004836	27	0.00	0.96	0.04	0.00
OG0001483	27	0.33	0.30	0.19	0.19
OG0004094	27	0.00	0.96	0.00	0.04
OG0001627	27	0.07	0.52	0.22	0.19
OG0002755	27	0.30	0.52	0.15	0.04
OG0003601	27	0.07	0.89	0.04	0.00
OG0001795	27	0.04	0.74	0.15	0.07
OG0004322	27	0.00	0.85	0.04	0.11
OG0003297	27	0.04	0.93	0.04	0.00
OG0002662	27	0.07	0.67	0.11	0.15
OG0003385	27	0.00	0.89	0.04	0.07
OG0002310	27	0.07	0.70	0.04	0.19
OG0002023	27	0.22	0.48	0.19	0.11
OG0001738	27	0.11	0.63	0.07	0.19
OG0003586	27	0.04	0.85	0.11	0.00
OG0003754	27	0.04	0.81	0.07	0.07
OG0004136	27	0.00	0.85	0.04	0.11
OG0001500	27	0.04	0.81	0.07	0.07
OG0004568	27	0.00	0.96	0.00	0.04
OG0002522	27	0.04	0.81	0.07	0.07
OG0002584	27	0.04	0.67	0.15	0.15
OG0002941	27	0.56	0.00	0.00	0.44
OG0003342	27	0.04	0.81	0.07	0.07
OG0003330	27	0.04	0.89	0.04	0.04
OG0004199	27	0.04	0.93	0.00	0.04
OG0004176	27	0.00	0.93	0.04	0.04
OG0001571	27	0.00	0.85	0.07	0.07
OG0004234	27	0.04	0.85	0.00	0.11
OG0001944	27	0.19	0.52	0.15	0.15
OG0003341	25	0.12	0.76	0.08	0.04
OG0001645	27	0.19	0.48	0.11	0.22
OG0002765	27	0.07	0.70	0.11	0.11
OG0001481	27	0.41	0.26	0.19	0.15
OG0004349	27	0.00	1.00	0.00	0.00
OG0002728	27	0.26	0.63	0.04	0.07
OG0004024	27	0.00	1.00	0.00	0.00
OG0002158	27	0.07	0.85	0.04	0.04
OG0001524	27	0.07	0.63	0.11	0.19
OG0005068	27	0.00	0.85	0.04	0.11
OG0003501	27	0.00	0.89	0.04	0.07
OG0001354	27	0.22	0.04	0.00	0.74
OG0001438	27	0.00	0.85	0.11	0.04
OG0001886	27	0.04	0.81	0.07	0.07
OG0003004	27	0.00	0.81	0.04	0.15
OG0003255	27	0.41	0.07	0.00	0.52
OG0002026	27	0.04	0.70	0.11	0.15
OG0003050	27	0.26	0.37	0.15	0.22
OG0004201	27	0.00	0.93	0.00	0.07
OG0001897	27	0.07	0.67	0.15	0.11
OG0001673	27	0.19	0.63	0.00	0.19
OG0003578	27	0.00	0.81	0.00	0.19
OG0002227	27	0.00	0.93	0.04	0.04
OG0004153	27	0.07	0.78	0.11	0.04
OG0004468	27	0.04	0.96	0.00	0.00
OG0003169	27	0.22	0.04	0.00	0.74
OG0002972	27	0.00	0.85	0.07	0.07
OG0004114	27	0.07	0.78	0.11	0.04
OG0003579	27	0.00	0.85	0.04	0.11
OG0001605	27	0.00	0.96	0.04	0.00
OG0004060	27	0.07	0.81	0.04	0.07
OG0001440	27	0.11	0.63	0.11	0.15
OG0003975	27	0.00	0.74	0.15	0.11
OG0004429	27	0.00	0.70	0.19	0.11
OG0003689	27	0.00	0.93	0.04	0.04
OG0004079	27	0.15	0.07	0.00	0.78
OG0001281	27	0.22	0.33	0.26	0.19
OG0003016	27	0.15	0.48	0.11	0.26
OG0004934	27	0.00	0.96	0.04	0.00
OG0001452	27	0.26	0.00	0.00	0.74
OG0004001	27	0.00	0.89	0.00	0.11
OG0004664	27	0.04	0.85	0.07	0.04
OG0003972	27	0.00	0.93	0.04	0.04
OG0002827	27	0.04	0.96	0.00	0.00
OG0002082	27	0.07	0.81	0.11	0.00
OG0001643	27	0.07	0.78	0.11	0.04
OG0003356	27	0.00	0.96	0.04	0.00
OG0003619	27	0.00	0.96	0.04	0.00
OG0002800	27	0.04	0.85	0.07	0.04
OG0001339	27	0.00	0.67	0.22	0.11
OG0003238	27	0.07	0.93	0.00	0.00
OG0001771	27	0.00	0.85	0.04	0.11
OG0004207	27	0.11	0.07	0.00	0.81
OG0004371	27	0.07	0.85	0.04	0.04
OG0002187	27	0.11	0.48	0.19	0.22
OG0004115	27	0.07	0.70	0.19	0.04
OG0001411	27	0.11	0.63	0.07	0.19
OG0002942	27	0.00	0.81	0.04	0.15
OG0003181	27	0.07	0.78	0.04	0.11
OG0002079	27	0.00	0.96	0.04	0.00
OG0004878	27	0.00	0.96	0.00	0.04
OG0001476	27	0.37	0.30	0.15	0.19
OG0001533	27	0.00	0.93	0.00	0.07
OG0003353	27	0.07	0.70	0.19	0.04
OG0003988	27	0.00	0.89	0.07	0.04
OG0001558	27	0.07	0.74	0.04	0.15
OG0002343	27	0.00	0.74	0.19	0.07
OG0004538	27	0.04	0.89	0.00	0.07
OG0003576	27	0.00	0.93	0.00	0.07
OG0004194	27	0.00	0.96	0.00	0.04
OG0003656	27	0.11	0.67	0.11	0.11
OG0004987	27	0.11	0.59	0.00	0.30
OG0003172	27	0.07	0.70	0.15	0.07
OG0001669	27	0.00	0.93	0.04	0.04
OG0004426	27	0.00	0.93	0.04	0.04
OG0002019	27	0.00	0.89	0.07	0.04
OG0002668	27	0.04	0.93	0.04	0.00
OG0002558	27	0.00	0.89	0.04	0.07
OG0004318	27	0.00	1.00	0.00	0.00
OG0004011	27	0.00	0.81	0.04	0.15
OG0003420	27	0.00	0.89	0.07	0.04
OG0002950	27	0.19	0.63	0.11	0.07
OG0001650	27	0.00	0.93	0.04	0.04
OG0002741	27	0.07	0.67	0.19	0.07
OG0001324	27	0.19	0.22	0.33	0.26
OG0003915	25	0.20	0.56	0.08	0.16
OG0003982	27	0.00	0.89	0.07	0.04
OG0003047	25	0.04	0.72	0.08	0.16
OG0002815	27	0.00	0.89	0.04	0.07
OG0001513	27	0.19	0.56	0.11	0.15
OG0003896	27	0.19	0.04	0.00	0.78
OG0005143	27	0.00	1.00	0.00	0.00
OG0003147	27	0.00	0.93	0.07	0.00
OG0003405	27	0.00	1.00	0.00	0.00
OG0003518	27	0.19	0.59	0.19	0.04
OG0003912	24	0.21	0.67	0.08	0.04
OG0003660	27	0.07	0.70	0.11	0.11
OG0004259	27	0.00	0.96	0.00	0.04
OG0004564	27	0.15	0.04	0.00	0.81
OG0001602	27	0.04	0.67	0.15	0.15
OG0003630	27	0.07	0.74	0.15	0.04
OG0001450	27	0.22	0.00	0.04	0.74
OG0003910	27	0.11	0.59	0.04	0.26
OG0001766	27	0.19	0.67	0.07	0.07
OG0003503	27	0.07	0.81	0.11	0.00
OG0002967	27	0.00	0.96	0.04	0.00
OG0001515	27	0.04	0.81	0.04	0.11
OG0003433	27	0.00	0.96	0.04	0.00
OG0001978	27	0.11	0.67	0.07	0.15
OG0002980	27	0.07	0.70	0.11	0.11
OG0004450	27	0.00	0.89	0.07	0.04
OG0004891	27	0.00	0.89	0.00	0.11
OG0001731	27	0.04	0.67	0.11	0.19
OG0002794	27	0.11	0.11	0.00	0.78
OG0002309	27	0.00	0.93	0.00	0.07
OG0003926	26	0.12	0.77	0.08	0.04
OG0003569	27	0.04	0.96	0.00	0.00
OG0004226	27	0.11	0.81	0.04	0.04
OG0001707	27	0.00	0.70	0.30	0.00
OG0002133	27	0.07	0.74	0.11	0.07
OG0001697	27	0.07	0.70	0.15	0.07
OG0003209	26	0.04	0.88	0.00	0.08
OG0004533	27	0.00	0.93	0.07	0.00
OG0001631	27	0.07	0.67	0.11	0.15
OG0003571	27	0.07	0.70	0.19	0.04
OG0001611	27	0.15	0.59	0.15	0.11
OG0004217	27	0.00	0.96	0.04	0.00
OG0001728	27	0.11	0.44	0.22	0.22
OG0003997	27	0.04	0.89	0.07	0.00
OG0002121	27	0.19	0.41	0.11	0.30
OG0005062	27	0.00	0.81	0.00	0.19
OG0002960	27	0.07	0.74	0.11	0.07
OG0001492	27	0.11	0.63	0.19	0.07
OG0003752	27	0.15	0.67	0.11	0.07
OG0002041	27	0.07	0.81	0.11	0.00
OG0003424	27	0.00	0.89	0.11	0.00
OG0004715	27	0.00	0.93	0.04	0.04
OG0003613	27	0.04	0.93	0.00	0.04
OG0001474	27	0.04	0.67	0.04	0.26
OG0004979	27	0.00	0.81	0.11	0.07
OG0001911	27	0.15	0.59	0.11	0.15
OG0002849	27	0.00	0.07	0.00	0.93
OG0002567	27	0.19	0.56	0.19	0.07
OG0001845	27	0.00	0.67	0.00	0.33
OG0003553	27	0.04	0.85	0.04	0.07
OG0003144	27	0.04	0.89	0.07	0.00
OG0002996	27	0.00	0.78	0.11	0.11
OG0001983	27	0.11	0.52	0.15	0.22
OG0004749	27	0.04	0.78	0.07	0.11
OG0001414	27	0.11	0.56	0.22	0.11
OG0001632	27	0.00	0.89	0.07	0.04
OG0002527	27	0.00	0.74	0.19	0.07
OG0003491	27	0.04	0.85	0.11	0.00
OG0002579	27	0.00	0.93	0.00	0.07
OG0004470	27	0.00	0.93	0.04	0.04
OG0001746	27	0.15	0.52	0.22	0.11
OG0004345	27	0.07	0.67	0.15	0.11
OG0004739	27	0.07	0.81	0.04	0.07
OG0001470	27	0.44	0.30	0.07	0.19
OG0002411	27	0.07	0.52	0.26	0.15
OG0001652	27	0.00	0.81	0.11	0.07
OG0004408	27	0.04	0.93	0.04	0.00
OG0004788	27	0.15	0.67	0.11	0.07
OG0001397	27	0.44	0.22	0.22	0.11
OG0001672	27	0.04	0.70	0.15	0.11
OG0003603	27	0.11	0.59	0.19	0.11
OG0004288	27	0.00	0.93	0.04	0.04
OG0001924	27	0.00	0.96	0.00	0.04
OG0001428	27	0.07	0.70	0.07	0.15
OG0001441	27	0.00	0.89	0.07	0.04
OG0002529	27	0.15	0.04	0.00	0.81
OG0002932	27	0.00	0.96	0.04	0.00
OG0002136	27	0.00	0.93	0.04	0.04
OG0002469	27	0.04	0.70	0.11	0.15
OG0004700	27	0.00	0.93	0.04	0.04
OG0003504	27	0.00	0.89	0.04	0.07
OG0002039	27	0.04	0.93	0.00	0.04
OG0001588	27	0.11	0.78	0.00	0.11
OG0003717	27	0.07	0.78	0.04	0.11
OG0002851	27	0.04	0.89	0.04	0.04
OG0003406	27	0.00	0.81	0.11	0.07
OG0003018	27	0.04	0.93	0.04	0.00
OG0003432	27	0.00	0.89	0.07	0.04
OG0002542	27	0.00	0.89	0.07	0.04
OG0004452	27	0.04	0.81	0.04	0.11
OG0001436	27	0.15	0.56	0.22	0.07
OG0003398	27	0.00	0.96	0.04	0.00
OG0001413	27	0.04	0.63	0.22	0.11
OG0003129	27	0.04	0.81	0.00	0.15
OG0004210	27	0.30	0.04	0.00	0.67
OG0003292	27	0.00	0.93	0.07	0.00
OG0004193	27	0.04	0.78	0.00	0.19
OG0003496	27	0.04	0.93	0.04	0.00
OG0001473	27	0.00	0.93	0.04	0.04
OG0003574	27	0.00	0.89	0.04	0.07
OG0002110	27	0.07	0.63	0.11	0.19
OG0002498	27	0.15	0.41	0.19	0.26
OG0001393	27	0.07	0.74	0.11	0.07
OG0001705	27	0.00	0.96	0.00	0.04
OG0005091	27	0.07	0.85	0.00	0.07
OG0004542	27	0.04	0.81	0.11	0.04
OG0002068	27	0.15	0.56	0.07	0.22
OG0002642	27	0.07	0.78	0.07	0.07
OG0001732	27	0.04	0.81	0.11	0.04
OG0002901	27	0.22	0.48	0.15	0.15
OG0004096	27	0.00	0.96	0.00	0.04
OG0002340	27	0.04	0.04	0.00	0.93
OG0002513	27	0.00	0.70	0.15	0.15
OG0003425	27	0.00	0.93	0.00	0.07
OG0001467	27	0.07	0.67	0.11	0.15
OG0001426	27	0.11	0.59	0.19	0.11
OG0003919	27	0.00	0.78	0.07	0.15
OG0005166	27	0.04	0.78	0.07	0.11
OG0001587	27	0.00	0.93	0.00	0.07
OG0003383	27	0.11	0.78	0.07	0.04
OG0001578	27	0.07	0.63	0.15	0.15
OG0002226	27	0.00	0.96	0.04	0.00
OG0002534	27	0.04	0.85	0.04	0.07
OG0003947	27	0.00	0.85	0.11	0.04
OG0004067	27	0.00	0.89	0.07	0.04
OG0003426	27	0.04	0.70	0.15	0.11
OG0003902	27	0.00	0.81	0.04	0.15
OG0004957	27	0.07	0.78	0.15	0.00
OG0004306	27	0.00	0.96	0.04	0.00
OG0004455	27	0.04	0.96	0.00	0.00
OG0002271	27	0.15	0.48	0.15	0.22
OG0002899	27	0.04	0.59	0.19	0.19
OG0004348	27	0.04	0.89	0.04	0.04
OG0001946	27	0.04	0.85	0.04	0.07
OG0002010	27	0.00	0.93	0.00	0.07
OG0001918	27	0.04	0.56	0.26	0.15
OG0004861	27	0.00	1.00	0.00	0.00
OG0003989	27	0.00	0.93	0.04	0.04
OG0004175	27	0.04	0.81	0.11	0.04
OG0004124	25	0.12	0.80	0.04	0.04
OG0002261	27	0.19	0.48	0.19	0.15
OG0003224	27	0.00	0.85	0.07	0.07
OG0004508	27	0.15	0.07	0.00	0.78
OG0004321	27	0.00	0.93	0.07	0.00
OG0002650	27	0.00	0.89	0.07	0.04
OG0004174	27	0.00	0.96	0.04	0.00
OG0002959	27	0.15	0.48	0.26	0.11
OG0004235	27	0.00	0.96	0.00	0.04
OG0004364	27	0.00	0.96	0.04	0.00
OG0003274	26	0.35	0.46	0.08	0.12
OG0004271	27	0.07	0.78	0.00	0.15
OG0001773	27	0.00	0.11	0.00	0.89
OG0003720	27	0.07	0.81	0.04	0.07
OG0004262	27	0.00	1.00	0.00	0.00
OG0002367	27	0.11	0.48	0.30	0.11
OG0001817	27	0.04	0.67	0.19	0.11
OG0002286	27	0.04	0.85	0.00	0.11
OG0001724	27	0.07	0.89	0.04	0.00
OG0002593	27	0.04	0.70	0.15	0.11
OG0001188	27	0.15	0.56	0.19	0.11
OG0005084	27	0.00	0.96	0.00	0.04
OG0002042	27	0.00	0.85	0.07	0.07
OG0001973	27	0.11	0.63	0.11	0.15
OG0003623	27	0.04	0.70	0.11	0.15
OG0003413	27	0.04	0.78	0.11	0.07
OG0003152	27	0.07	0.89	0.00	0.04
OG0001703	27	0.15	0.41	0.26	0.19
OG0001915	27	0.04	0.74	0.11	0.11
OG0003709	27	0.00	0.93	0.00	0.07
OG0004295	27	0.00	0.93	0.07	0.00
OG0003328	27	0.00	0.89	0.07	0.04
OG0002761	27	0.07	0.93	0.00	0.00
OG0002326	27	0.04	0.96	0.00	0.00
OG0001727	27	0.19	0.48	0.15	0.19
OG0004146	27	0.04	0.78	0.11	0.07
OG0001341	27	0.07	0.74	0.11	0.07
OG0004185	27	0.04	0.89	0.00	0.07
OG0003334	27	0.00	0.81	0.04	0.15
OG0004214	27	0.00	0.81	0.07	0.11
OG0002185	27	0.07	0.59	0.15	0.19
OG0002594	27	0.00	0.81	0.07	0.11
OG0003705	27	0.04	0.85	0.07	0.04
OG0002273	27	0.00	0.70	0.07	0.22
OG0001666	27	0.07	0.59	0.15	0.19
OG0002778	27	0.26	0.44	0.07	0.22
OG0002795	27	0.15	0.67	0.15	0.04
OG0004395	27	0.00	0.93	0.04	0.04
OG0004244	27	0.00	0.89	0.04	0.07
OG0004892	27	0.00	0.96	0.00	0.04
OG0002312	27	0.00	0.78	0.15	0.07
OG0003977	27	0.00	0.81	0.07	0.11
OG0002756	27	0.04	0.85	0.04	0.07
OG0004323	27	0.00	0.93	0.07	0.00
OG0005140	27	0.04	0.93	0.00	0.04
OG0002797	27	0.00	0.93	0.04	0.04
OG0004021	27	0.00	0.81	0.07	0.11
OG0004320	27	0.04	0.67	0.22	0.07
OG0003708	27	0.00	0.96	0.04	0.00
OG0003438	27	0.00	0.85	0.07	0.07
OG0005088	27	0.00	0.96	0.04	0.00
OG0003088	27	0.11	0.63	0.07	0.19
OG0003128	25	0.28	0.44	0.24	0.04
OG0001637	27	0.00	0.93	0.04	0.04
OG0004247	27	0.00	0.89	0.00	0.11
OG0004366	27	0.00	0.93	0.07	0.00
OG0002710	27	0.04	0.78	0.15	0.04
OG0003544	27	0.00	0.96	0.04	0.00
OG0001674	27	0.44	0.00	0.00	0.56
OG0001628	27	0.04	0.89	0.00	0.07
OG0002259	27	0.04	0.78	0.07	0.11
OG0001373	27	0.07	0.48	0.22	0.22
OG0003696	27	0.15	0.00	0.00	0.85
OG0003450	27	0.33	0.37	0.15	0.15
OG0002237	27	0.04	0.85	0.07	0.04
OG0004403	27	0.00	0.93	0.07	0.00
OG0001855	27	0.00	0.85	0.07	0.07
OG0004572	27	0.04	0.67	0.26	0.04
OG0002116	27	0.04	0.81	0.11	0.04
OG0003581	27	0.00	0.85	0.07	0.07
OG0002924	27	0.00	1.00	0.00	0.00
OG0003585	27	0.04	0.85	0.04	0.07
OG0003961	27	0.00	0.96	0.04	0.00
OG0004560	27	0.00	0.85	0.07	0.07
OG0004359	27	0.00	0.96	0.04	0.00
OG0001531	27	0.07	0.81	0.07	0.04
OG0002638	27	0.00	0.81	0.07	0.11
OG0002102	27	0.00	0.81	0.07	0.11
OG0002003	27	0.00	0.81	0.11	0.07
OG0003515	27	0.00	0.93	0.04	0.04
OG0001598	27	0.26	0.48	0.11	0.15
OG0001298	27	0.11	0.48	0.33	0.07
OG0004257	27	0.00	1.00	0.00	0.00
OG0004539	27	0.00	0.96	0.00	0.04
OG0003657	27	0.04	0.74	0.00	0.22
OG0004074	27	0.04	0.78	0.07	0.11
OG0004369	27	0.00	0.81	0.07	0.11
OG0005132	27	0.04	0.93	0.04	0.00
OG0003173	27	0.00	0.78	0.04	0.19
OG0002575	27	0.07	0.70	0.11	0.11
OG0004510	27	0.00	1.00	0.00	0.00
OG0002087	27	0.04	0.70	0.15	0.11
OG0001543	27	0.00	0.81	0.11	0.07
OG0003285	27	0.00	0.93	0.00	0.07
OG0003594	27	0.00	0.93	0.00	0.07
OG0001903	27	0.11	0.67	0.22	0.00
OG0003278	27	0.04	0.74	0.07	0.15
OG0002130	27	0.00	0.78	0.07	0.15
OG0002568	27	0.00	0.70	0.11	0.19
OG0002923	27	0.00	0.89	0.11	0.00
OG0002804	27	0.04	0.74	0.19	0.04
OG0002760	27	0.00	0.89	0.04	0.07
OG0005182	27	0.00	0.96	0.00	0.04
OG0004014	27	0.00	0.96	0.00	0.04
OG0001763	27	0.11	0.56	0.11	0.22
OG0002287	27	0.19	0.48	0.11	0.22
OG0003668	27	0.04	0.04	0.00	0.93
OG0004220	27	0.04	0.74	0.11	0.11
OG0001503	27	0.00	0.89	0.04	0.07
OG0001708	27	0.00	0.96	0.00	0.04
OG0004368	27	0.15	0.78	0.07	0.00
OG0005123	27	0.07	0.74	0.11	0.07
OG0002107	27	0.11	0.74	0.11	0.04
OG0002838	27	0.00	0.96	0.00	0.04
OG0004906	26	0.15	0.65	0.04	0.15
OG0004360	27	0.07	0.78	0.00	0.15
OG0004100	27	0.00	0.85	0.11	0.04
OG0002265	27	0.00	1.00	0.00	0.00
OG0001490	27	0.07	0.59	0.15	0.19
OG0005124	27	0.00	0.96	0.00	0.04
OG0002938	27	0.00	1.00	0.00	0.00
OG0001870	27	0.07	0.70	0.15	0.07
OG0003669	27	0.00	0.89	0.07	0.04
OG0004641	27	0.04	0.67	0.11	0.19
OG0004414	27	0.19	0.59	0.11	0.11
OG0001651	27	0.26	0.44	0.15	0.15
OG0001561	27	0.00	0.63	0.19	0.19
OG0004967	27	0.04	0.78	0.15	0.04
OG0002515	27	0.11	0.78	0.00	0.11
OG0002855	27	0.15	0.44	0.30	0.11
OG0003640	27	0.11	0.48	0.33	0.07
OG0004563	26	0.00	0.92	0.04	0.04
OG0004246	27	0.00	0.96	0.04	0.00
OG0004290	27	0.04	0.78	0.11	0.07
OG0004304	27	0.00	1.00	0.00	0.00
OG0001240	27	0.00	1.00	0.00	0.00
OG0003290	27	0.04	0.89	0.07	0.00
OG0003031	27	0.00	0.81	0.07	0.11
OG0004035	27	0.00	0.96	0.04	0.00
OG0003625	27	0.00	0.78	0.11	0.11
OG0002676	27	0.04	0.96	0.00	0.00
OG0002074	27	0.19	0.44	0.22	0.15
OG0004258	27	0.00	0.96	0.04	0.00
OG0004515	27	0.07	0.93	0.00	0.00
OG0001321	27	0.22	0.52	0.15	0.11
OG0001860	27	0.00	0.59	0.26	0.15
OG0002324	27	0.07	0.70	0.15	0.07
OG0004363	27	0.07	0.93	0.00	0.00
OG0001389	27	0.04	0.81	0.07	0.07
OG0004723	27	0.15	0.70	0.11	0.04
OG0002291	27	0.15	0.67	0.15	0.04
OG0002703	27	0.07	0.70	0.11	0.11
OG0004401	27	0.04	0.74	0.15	0.07
OG0002279	27	0.07	0.74	0.15	0.04
OG0001604	27	0.04	0.96	0.00	0.00
OG0001864	27	0.15	0.63	0.11	0.11
OG0003249	27	0.00	0.96	0.04	0.00
OG0001419	27	0.07	0.81	0.07	0.04
OG0004151	27	0.30	0.00	0.00	0.70
OG0002912	27	0.11	0.74	0.07	0.07
OG0003195	27	0.00	0.85	0.04	0.11
OG0002858	27	0.00	0.85	0.11	0.04
OG0003624	27	0.04	0.89	0.07	0.00
OG0004399	27	0.04	0.85	0.04	0.07
OG0002361	27	0.00	0.85	0.04	0.11
OG0001356	27	0.15	0.52	0.11	0.22
OG0004494	27	0.07	0.78	0.07	0.07
OG0003260	27	0.11	0.74	0.07	0.07
OG0004267	27	0.04	0.93	0.04	0.00
OG0002984	27	0.00	0.81	0.07	0.11
OG0005050	27	0.00	0.96	0.04	0.00
OG0004935	27	0.00	0.93	0.00	0.07
OG0004910	27	0.00	0.96	0.00	0.04
OG0005092	27	0.04	0.81	0.15	0.00
OG0002886	27	0.04	0.74	0.11	0.11
OG0004034	27	0.04	0.70	0.15	0.11
OG0004251	27	0.04	0.78	0.15	0.04
OG0004497	27	0.00	0.96	0.04	0.00
OG0004037	27	0.00	0.93	0.00	0.07
OG0003991	27	0.00	0.89	0.00	0.11
OG0001536	27	0.19	0.59	0.07	0.15
OG0003664	27	0.00	0.89	0.00	0.11
OG0005033	27	0.00	0.89	0.04	0.07
OG0005039	27	0.00	0.96	0.00	0.04
OG0001526	27	0.00	0.78	0.07	0.15
OG0003012	27	0.00	0.78	0.15	0.07
OG0001568	27	0.19	0.63	0.11	0.07
OG0003384	27	0.04	0.78	0.07	0.11
OG0002284	27	0.00	0.96	0.04	0.00
OG0002857	27	0.04	0.78	0.15	0.04
OG0002714	27	0.00	0.85	0.07	0.07
OG0003434	27	0.00	0.89	0.07	0.04
OG0002843	27	0.04	0.74	0.07	0.15
OG0004441	27	0.07	0.81	0.00	0.11
OG0003755	27	0.04	0.93	0.04	0.00
OG0002333	27	0.00	0.93	0.00	0.07
OG0003740	27	0.07	0.78	0.11	0.04
OG0002262	27	0.00	0.85	0.15	0.00
OG0002203	27	0.00	0.89	0.04	0.07
OG0003951	27	0.00	0.85	0.04	0.11
OG0005053	27	0.00	0.96	0.00	0.04
OG0003969	27	0.00	0.89	0.07	0.04
OG0003826	27	0.00	0.78	0.07	0.15
OG0002820	27	0.04	0.85	0.04	0.07
OG0005069	27	0.07	0.81	0.04	0.07
OG0002180	27	0.07	0.56	0.37	0.00
OG0004032	27	0.04	0.81	0.11	0.04
OG0004390	27	0.04	0.74	0.15	0.07
OG0002887	27	0.07	0.59	0.22	0.11
OG0003344	27	0.15	0.59	0.11	0.15
OG0004334	27	0.00	0.93	0.04	0.04
OG0002894	27	0.11	0.44	0.19	0.26
OG0001285	27	0.26	0.56	0.00	0.19
OG0001759	27	0.11	0.52	0.22	0.15
OG0001955	27	0.15	0.63	0.15	0.07
OG0002164	27	0.04	0.85	0.07	0.04
OG0002358	27	0.15	0.52	0.30	0.04
OG0003621	27	0.00	0.96	0.00	0.04
OG0004309	27	0.00	0.96	0.00	0.04
OG0001547	27	0.00	0.81	0.07	0.11
OG0001626	27	0.11	0.52	0.33	0.04
OG0001274	27	0.07	0.52	0.19	0.22
OG0002152	27	0.04	0.81	0.04	0.11
OG0001698	27	0.33	0.30	0.15	0.22
OG0004524	27	0.07	0.81	0.00	0.11
OG0003643	27	0.04	0.96	0.00	0.00
OG0001756	27	0.07	0.67	0.15	0.11
OG0003570	27	0.00	0.85	0.07	0.07
OG0003948	27	0.04	0.78	0.15	0.04
OG0002866	27	0.15	0.78	0.04	0.04
OG0004929	27	0.11	0.59	0.15	0.15
OG0002345	27	0.07	0.70	0.07	0.15
OG0002877	27	0.00	0.93	0.04	0.04
OG0003920	27	0.04	0.78	0.04	0.15
OG0003880	27	0.04	0.78	0.11	0.07
OG0002296	27	0.00	0.89	0.04	0.07
OG0002648	27	0.04	0.89	0.07	0.00
OG0003380	27	0.00	0.78	0.15	0.07
OG0004471	27	0.00	0.89	0.04	0.07
OG0004294	27	0.00	1.00	0.00	0.00
OG0003703	27	0.00	0.96	0.00	0.04
OG0005002	27	0.00	0.93	0.04	0.04
OG0002094	27	0.07	0.81	0.11	0.00
OG0001267	27	0.19	0.52	0.19	0.11
OG0002860	27	0.04	0.74	0.15	0.07
OG0003723	27	0.00	0.93	0.07	0.00
OG0001688	27	0.07	0.67	0.07	0.19
OG0003637	27	0.04	0.96	0.00	0.00
OG0001349	27	0.00	0.85	0.07	0.07
OG0002509	27	0.22	0.30	0.30	0.19
OG0002922	27	0.00	0.89	0.04	0.07
OG0001275	27	0.07	0.78	0.15	0.00
OG0004171	27	0.00	1.00	0.00	0.00
OG0002603	27	0.04	0.85	0.11	0.00
OG0002274	27	0.00	0.93	0.00	0.07
OG0004567	27	0.00	0.89	0.04	0.07
OG0002421	26	0.19	0.46	0.19	0.15
OG0001685	27	0.11	0.81	0.07	0.00
OG0003362	27	0.00	0.89	0.04	0.07
OG0001563	27	0.07	0.74	0.07	0.11
OG0004857	27	0.04	0.93	0.04	0.00
OG0004495	27	0.07	0.89	0.00	0.04
OG0002920	27	0.04	0.74	0.07	0.15
OG0003519	27	0.07	0.70	0.11	0.11
OG0001346	27	0.11	0.44	0.30	0.15
OG0003528	27	0.00	0.96	0.00	0.04
OG0004310	27	0.07	0.70	0.04	0.19
OG0003125	27	0.04	0.67	0.15	0.15
OG0004872	27	0.00	0.96	0.04	0.00
OG0001303	27	0.07	0.70	0.11	0.11
OG0002655	26	0.19	0.46	0.15	0.19
OG0001499	27	0.04	0.89	0.04	0.04
OG0004918	27	0.00	0.93	0.04	0.04
OG0003251	27	0.11	0.67	0.15	0.07
OG0004356	27	0.00	0.89	0.04	0.07
OG0001761	27	0.07	0.63	0.22	0.07
OG0001574	27	0.11	0.81	0.04	0.04
OG0003599	27	0.00	0.96	0.00	0.04
OG0003666	27	0.04	0.67	0.15	0.15
OG0003747	27	0.07	0.67	0.11	0.15
OG0003294	27	0.00	0.89	0.07	0.04
OG0004127	27	0.07	0.85	0.00	0.07
OG0001422	27	0.04	0.78	0.07	0.11
OG0001796	27	0.04	0.74	0.04	0.19
OG0002933	27	0.11	0.63	0.15	0.11
OG0004350	27	0.00	0.93	0.04	0.04
OG0004172	27	0.04	0.93	0.00	0.04
OG0003237	27	0.00	0.70	0.22	0.07
OG0004272	27	0.00	0.93	0.04	0.04
OG0003167	27	0.04	0.93	0.04	0.00
OG0003633	27	0.00	0.93	0.04	0.04
OG0002919	27	0.00	0.96	0.04	0.00
OG0005173	27	0.00	0.81	0.07	0.11
OG0001270	27	0.07	0.63	0.19	0.11
OG0004330	27	0.00	0.93	0.04	0.04
OG0002089	27	0.15	0.56	0.15	0.15
OG0001647	27	0.15	0.67	0.04	0.15
OG0003727	27	0.00	0.93	0.00	0.07
OG0001715	27	0.00	0.89	0.07	0.04
OG0003508	27	0.00	1.00	0.00	0.00
OG0004347	27	0.04	0.78	0.15	0.04
OG0002057	27	0.00	0.93	0.00	0.07
OG0002285	27	0.00	0.93	0.00	0.07
OG0003761	27	0.04	0.96	0.00	0.00
OG0001699	27	0.00	0.81	0.15	0.04
OG0002930	27	0.00	0.93	0.07	0.00
OG0004684	27	0.11	0.85	0.00	0.04
OG0004111	27	0.04	0.85	0.07	0.04
OG0002943	27	0.00	1.00	0.00	0.00
OG0004129	27	0.22	0.48	0.07	0.22
OG0002179	27	0.07	0.00	0.00	0.93
OG0005160	27	0.00	0.93	0.07	0.00
OG0001516	27	0.04	0.78	0.04	0.15
OG0002908	27	0.07	0.85	0.07	0.00
OG0003204	27	0.04	0.81	0.07	0.07
OG0001816	27	0.07	0.59	0.15	0.19
OG0003042	27	0.00	0.96	0.00	0.04
OG0001742	27	0.00	0.85	0.07	0.07
OG0004901	26	0.23	0.69	0.08	0.00
OG0002775	27	0.07	0.70	0.15	0.07
OG0004525	27	0.00	0.96	0.00	0.04
OG0004270	27	0.00	1.00	0.00	0.00
OG0003229	26	0.12	0.73	0.08	0.08
OG0003737	27	0.00	0.96	0.04	0.00
OG0004003	27	0.00	0.89	0.04	0.07
OG0005096	27	0.00	1.00	0.00	0.00
OG0002159	26	0.19	0.77	0.00	0.04
OG0002719	27	0.11	0.44	0.19	0.26
OG0002331	27	0.04	0.96	0.00	0.00
OG0001701	27	0.07	0.74	0.11	0.07
OG0004543	27	0.00	1.00	0.00	0.00
OG0004461	27	0.00	0.81	0.04	0.15
OG0002014	27	0.00	0.96	0.00	0.04
OG0004516	27	0.07	0.48	0.33	0.11
OG0004053	21	0.24	0.52	0.10	0.14
OG0005043	27	0.00	0.96	0.04	0.00
OG0003040	27	0.00	0.93	0.00	0.07
OG0003743	27	0.04	0.85	0.11	0.00
OG0002610	27	0.04	0.81	0.11	0.04
OG0002954	27	0.04	0.81	0.11	0.04
OG0001965	27	0.00	0.74	0.11	0.15
OG0003970	27	0.33	0.04	0.00	0.63
OG0001540	27	0.00	0.89	0.00	0.11
OG0002835	26	0.12	0.77	0.08	0.04
OG0001600	27	0.04	0.81	0.15	0.00
OG0004540	27	0.00	1.00	0.00	0.00
OG0004826	27	0.00	0.93	0.04	0.04
OG0002134	27	0.30	0.41	0.07	0.22
OG0001917	27	0.00	0.70	0.11	0.19
OG0004483	27	0.04	0.89	0.00	0.07
OG0005180	23	0.00	0.91	0.04	0.04
OG0003976	27	0.00	0.96	0.04	0.00
OG0001532	27	0.00	0.81	0.00	0.19
OG0002342	27	0.04	0.52	0.30	0.15
OG0001989	27	0.04	0.85	0.04	0.07
OG0004049	27	0.00	0.74	0.15	0.11
OG0002427	27	0.11	0.63	0.11	0.15
OG0004477	27	0.00	0.89	0.04	0.07
OG0004511	27	0.15	0.70	0.07	0.07
OG0003612	27	0.00	0.81	0.07	0.11
OG0004898	27	0.07	0.81	0.04	0.07
OG0004022	27	0.04	0.89	0.07	0.00
OG0004454	27	0.00	0.96	0.04	0.00
OG0001559	27	0.04	0.93	0.04	0.00
OG0004287	27	0.00	0.96	0.00	0.04
OG0002774	27	0.04	0.74	0.15	0.07
OG0002903	27	0.00	0.93	0.00	0.07
OG0002150	27	0.22	0.48	0.22	0.07
OG0004296	27	0.11	0.78	0.07	0.04
OG0002679	27	0.04	0.89	0.07	0.00
OG0003319	27	0.04	0.85	0.07	0.04
OG0001824	27	0.26	0.44	0.19	0.11
OG0002218	27	0.07	0.89	0.04	0.00
OG0004938	27	0.00	1.00	0.00	0.00
OG0003323	27	0.00	1.00	0.00	0.00
OG0005167	27	0.00	1.00	0.00	0.00
OG0001880	27	0.15	0.63	0.11	0.11
OG0001589	27	0.11	0.67	0.11	0.11
OG0002149	27	0.04	0.93	0.04	0.00
OG0001635	27	0.22	0.52	0.07	0.19
OG0003391	27	0.04	0.93	0.04	0.00
OG0004160	26	0.38	0.00	0.00	0.62
OG0003639	27	0.04	0.89	0.07	0.00
OG0002160	27	0.04	0.93	0.00	0.04
OG0003354	27	0.07	0.81	0.00	0.11
OG0002582	27	0.00	0.81	0.11	0.07
OG0001840	27	0.19	0.52	0.19	0.11
OG0001861	27	0.00	0.74	0.11	0.15
OG0002145	27	0.37	0.22	0.11	0.30
OG0002588	27	0.04	0.89	0.00	0.07
OG0002242	27	0.04	0.78	0.07	0.11
OG0001283	27	0.30	0.26	0.22	0.22
OG0002432	27	0.37	0.30	0.22	0.11
OG0004196	27	0.07	0.74	0.15	0.04
OG0005159	27	0.07	0.93	0.00	0.00
OG0005174	27	0.00	1.00	0.00	0.00
OG0002099	27	0.00	0.93	0.04	0.04
OG0003561	27	0.00	0.81	0.07	0.11
OG0004056	27	0.00	0.89	0.07	0.04
OG0004317	27	0.00	0.93	0.00	0.07
OG0001581	26	0.23	0.35	0.23	0.19
OG0001803	27	0.07	0.56	0.19	0.19
OG0005107	27	0.00	1.00	0.00	0.00
OG0003563	27	0.00	0.85	0.07	0.07
OG0004221	27	0.00	0.81	0.07	0.11
OG0002852	27	0.07	0.74	0.07	0.11
OG0004522	27	0.00	0.96	0.00	0.04
OG0002161	27	0.04	0.78	0.15	0.04
OG0002122	27	0.00	0.89	0.04	0.07
OG0001612	27	0.07	0.63	0.15	0.15
OG0002319	27	0.00	0.96	0.04	0.00
OG0002022	27	0.11	0.85	0.04	0.00
OG0004412	27	0.33	0.22	0.22	0.22
OG0003634	27	0.00	0.93	0.04	0.04
OG0004406	27	0.07	0.89	0.04	0.00
OG0002620	27	0.00	0.78	0.11	0.11
OG0001654	27	0.00	0.74	0.19	0.07
OG0002553	27	0.00	0.74	0.15	0.11
OG0003627	27	0.19	0.30	0.22	0.30
OG0004813	27	0.04	0.93	0.00	0.04
OG0001939	27	0.15	0.59	0.15	0.11
OG0002277	27	0.04	0.78	0.11	0.07
OG0001223	27	0.33	0.44	0.11	0.11
OG0001991	27	0.11	0.59	0.22	0.07
OG0003950	27	0.00	0.93	0.07	0.00
OG0004799	27	0.04	0.74	0.11	0.11
OG0004376	27	0.11	0.78	0.00	0.11
OG0001463	27	0.11	0.56	0.15	0.19
OG0001867	27	0.22	0.52	0.15	0.11
OG0002981	26	0.15	0.58	0.08	0.19
